cities,gender,elderly2,livingstatus,answered_field,response
0,1.0,0,1.0,n3_aging_travel,1
0,1.0,0,1.0,n3_conv_transp,2
0,1.0,0,1.0,n3_safe_walk,1
0,1.0,1,1.0,n3_aging_travel,40
0,1.0,1,1.0,n3_conv_transp,74
0,1.0,1,1.0,n3_eat_nutri,132
0,1.0,1,1.0,n3_health_risk,100
0,1.0,1,1.0,n3_learn_activ,58
0,1.0,1,1.0,n3_med_diagno,74
0,1.0,1,1.0,n3_safe_drive,37
0,1.0,1,1.0,n3_safe_walk,42
0,1.0,1,1.0,n3_self_living,128
0,1.0,1,1.0,n3_tech_learn,29
0,1.0,1,2.0,n3_aging_travel,255
0,1.0,1,2.0,n3_conv_transp,249
0,1.0,1,2.0,n3_eat_nutri,609
0,1.0,1,2.0,n3_health_risk,571
0,1.0,1,2.0,n3_learn_activ,254
0,1.0,1,2.0,n3_med_diagno,390
0,1.0,1,2.0,n3_safe_drive,209
0,1.0,1,2.0,n3_safe_walk,238
0,1.0,1,2.0,n3_self_living,544
0,1.0,1,2.0,n3_tech_learn,111
0,1.0,1,3.0,n3_aging_travel,4
0,1.0,1,3.0,n3_conv_transp,7
0,1.0,1,3.0,n3_eat_nutri,4
0,1.0,1,3.0,n3_health_risk,4
0,1.0,1,3.0,n3_learn_activ,1
0,1.0,1,3.0,n3_med_diagno,3
0,1.0,1,3.0,n3_safe_drive,2
0,1.0,1,3.0,n3_safe_walk,1
0,1.0,1,3.0,n3_self_living,6
0,1.0,1,3.0,n3_tech_learn,2
0,1.0,2,1.0,n3_aging_travel,21
0,1.0,2,1.0,n3_conv_transp,21
0,1.0,2,1.0,n3_eat_nutri,54
0,1.0,2,1.0,n3_health_risk,33
0,1.0,2,1.0,n3_learn_activ,21
0,1.0,2,1.0,n3_med_diagno,35
0,1.0,2,1.0,n3_safe_drive,9
0,1.0,2,1.0,n3_safe_walk,26
0,1.0,2,1.0,n3_self_living,60
0,1.0,2,1.0,n3_tech_learn,10
0,1.0,2,2.0,n3_aging_travel,210
0,1.0,2,2.0,n3_conv_transp,185
0,1.0,2,2.0,n3_eat_nutri,364
0,1.0,2,2.0,n3_health_risk,311
0,1.0,2,2.0,n3_learn_activ,198
0,1.0,2,2.0,n3_med_diagno,352
0,1.0,2,2.0,n3_safe_drive,135
0,1.0,2,2.0,n3_safe_walk,186
0,1.0,2,2.0,n3_self_living,356
0,1.0,2,2.0,n3_tech_learn,61
0,1.0,2,3.0,n3_aging_travel,2
0,1.0,2,3.0,n3_conv_transp,1
0,1.0,2,3.0,n3_eat_nutri,4
0,1.0,2,3.0,n3_learn_activ,1
0,1.0,2,3.0,n3_med_diagno,2
0,1.0,2,3.0,n3_safe_drive,1
0,1.0,2,3.0,n3_safe_walk,1
0,1.0,2,3.0,n3_self_living,2
0,1.0,3,1.0,n3_aging_travel,11
0,1.0,3,1.0,n3_conv_transp,15
0,1.0,3,1.0,n3_eat_nutri,25
0,1.0,3,1.0,n3_health_risk,15
0,1.0,3,1.0,n3_learn_activ,9
0,1.0,3,1.0,n3_med_diagno,14
0,1.0,3,1.0,n3_safe_drive,10
0,1.0,3,1.0,n3_safe_walk,12
0,1.0,3,1.0,n3_self_living,25
0,1.0,3,1.0,n3_tech_learn,10
0,1.0,3,2.0,n3_aging_travel,82
0,1.0,3,2.0,n3_conv_transp,62
0,1.0,3,2.0,n3_eat_nutri,154
0,1.0,3,2.0,n3_health_risk,89
0,1.0,3,2.0,n3_learn_activ,56
0,1.0,3,2.0,n3_med_diagno,141
0,1.0,3,2.0,n3_safe_drive,68
0,1.0,3,2.0,n3_safe_walk,104
0,1.0,3,2.0,n3_self_living,155
0,1.0,3,2.0,n3_tech_learn,29
0,1.0,3,3.0,n3_aging_travel,3
0,1.0,3,3.0,n3_conv_transp,1
0,1.0,3,3.0,n3_health_risk,1
0,1.0,3,3.0,n3_med_diagno,2
0,1.0,3,3.0,n3_safe_drive,4
0,1.0,3,3.0,n3_safe_walk,2
0,1.0,3,3.0,n3_self_living,1
0,1.0,3,3.0,n3_tech_learn,2
0,2.0,0,2.0,n3_safe_walk,1
0,2.0,0,2.0,n3_self_living,1
0,2.0,1,1.0,n3_aging_travel,76
0,2.0,1,1.0,n3_conv_transp,133
0,2.0,1,1.0,n3_eat_nutri,227
0,2.0,1,1.0,n3_health_risk,134
0,2.0,1,1.0,n3_learn_activ,107
0,2.0,1,1.0,n3_med_diagno,116
0,2.0,1,1.0,n3_safe_drive,64
0,2.0,1,1.0,n3_safe_walk,86
0,2.0,1,1.0,n3_self_living,256
0,2.0,1,1.0,n3_tech_learn,23
0,2.0,1,2.0,n3_aging_travel,631
0,2.0,1,2.0,n3_conv_transp,823
0,2.0,1,2.0,n3_eat_nutri,1498
0,2.0,1,2.0,n3_health_risk,1079
0,2.0,1,2.0,n3_learn_activ,868
0,2.0,1,2.0,n3_med_diagno,1047
0,2.0,1,2.0,n3_safe_drive,411
0,2.0,1,2.0,n3_safe_walk,661
0,2.0,1,2.0,n3_self_living,1654
0,2.0,1,2.0,n3_tech_learn,168
0,2.0,1,3.0,n3_aging_travel,5
0,2.0,1,3.0,n3_conv_transp,15
0,2.0,1,3.0,n3_eat_nutri,12
0,2.0,1,3.0,n3_health_risk,9
0,2.0,1,3.0,n3_learn_activ,11
0,2.0,1,3.0,n3_med_diagno,8
0,2.0,1,3.0,n3_safe_drive,7
0,2.0,1,3.0,n3_safe_walk,6
0,2.0,1,3.0,n3_self_living,19
0,2.0,1,3.0,n3_tech_learn,4
0,2.0,2,1.0,n3_aging_travel,59
0,2.0,2,1.0,n3_conv_transp,88
0,2.0,2,1.0,n3_eat_nutri,122
0,2.0,2,1.0,n3_health_risk,74
0,2.0,2,1.0,n3_learn_activ,115
0,2.0,2,1.0,n3_med_diagno,100
0,2.0,2,1.0,n3_safe_drive,22
0,2.0,2,1.0,n3_safe_walk,71
0,2.0,2,1.0,n3_self_living,195
0,2.0,2,1.0,n3_tech_learn,26
0,2.0,2,2.0,n3_aging_travel,405
0,2.0,2,2.0,n3_conv_transp,541
0,2.0,2,2.0,n3_eat_nutri,742
0,2.0,2,2.0,n3_health_risk,488
0,2.0,2,2.0,n3_learn_activ,657
0,2.0,2,2.0,n3_med_diagno,709
0,2.0,2,2.0,n3_safe_drive,140
0,2.0,2,2.0,n3_safe_walk,470
0,2.0,2,2.0,n3_self_living,1000
0,2.0,2,2.0,n3_tech_learn,162
0,2.0,2,3.0,n3_aging_travel,4
0,2.0,2,3.0,n3_conv_transp,3
0,2.0,2,3.0,n3_eat_nutri,10
0,2.0,2,3.0,n3_health_risk,4
0,2.0,2,3.0,n3_learn_activ,8
0,2.0,2,3.0,n3_safe_drive,3
0,2.0,2,3.0,n3_safe_walk,5
0,2.0,2,3.0,n3_self_living,11
0,2.0,3,1.0,n3_aging_travel,25
0,2.0,3,1.0,n3_conv_transp,30
0,2.0,3,1.0,n3_eat_nutri,63
0,2.0,3,1.0,n3_health_risk,31
0,2.0,3,1.0,n3_learn_activ,44
0,2.0,3,1.0,n3_med_diagno,47
0,2.0,3,1.0,n3_safe_drive,21
0,2.0,3,1.0,n3_safe_walk,50
0,2.0,3,1.0,n3_self_living,72
0,2.0,3,1.0,n3_tech_learn,15
0,2.0,3,2.0,n3_aging_travel,96
0,2.0,3,2.0,n3_conv_transp,148
0,2.0,3,2.0,n3_eat_nutri,224
0,2.0,3,2.0,n3_health_risk,125
0,2.0,3,2.0,n3_learn_activ,134
0,2.0,3,2.0,n3_med_diagno,214
0,2.0,3,2.0,n3_safe_drive,48
0,2.0,3,2.0,n3_safe_walk,200
0,2.0,3,2.0,n3_self_living,247
0,2.0,3,2.0,n3_tech_learn,36
0,2.0,3,3.0,n3_aging_travel,1
0,2.0,3,3.0,n3_conv_transp,3
0,2.0,3,3.0,n3_eat_nutri,4
0,2.0,3,3.0,n3_health_risk,1
0,2.0,3,3.0,n3_learn_activ,1
0,2.0,3,3.0,n3_med_diagno,2
0,2.0,3,3.0,n3_safe_drive,1
0,2.0,3,3.0,n3_safe_walk,5
0,2.0,3,3.0,n3_self_living,6
1,1.0,1,1.0,n3_aging_travel,22
1,1.0,1,1.0,n3_conv_transp,63
1,1.0,1,1.0,n3_eat_nutri,148
1,1.0,1,1.0,n3_health_risk,89
1,1.0,1,1.0,n3_learn_activ,75
1,1.0,1,1.0,n3_med_diagno,78
1,1.0,1,1.0,n3_safe_drive,31
1,1.0,1,1.0,n3_safe_walk,51
1,1.0,1,1.0,n3_self_living,137
1,1.0,1,1.0,n3_tech_learn,36
1,1.0,1,2.0,n3_aging_travel,197
1,1.0,1,2.0,n3_conv_transp,248
1,1.0,1,2.0,n3_eat_nutri,553
1,1.0,1,2.0,n3_health_risk,458
1,1.0,1,2.0,n3_learn_activ,223
1,1.0,1,2.0,n3_med_diagno,390
1,1.0,1,2.0,n3_safe_drive,137
1,1.0,1,2.0,n3_safe_walk,243
1,1.0,1,2.0,n3_self_living,522
1,1.0,1,2.0,n3_tech_learn,95
1,1.0,1,3.0,n3_aging_travel,5
1,1.0,1,3.0,n3_conv_transp,6
1,1.0,1,3.0,n3_eat_nutri,7
1,1.0,1,3.0,n3_health_risk,5
1,1.0,1,3.0,n3_learn_activ,3
1,1.0,1,3.0,n3_med_diagno,1
1,1.0,1,3.0,n3_safe_drive,1
1,1.0,1,3.0,n3_safe_walk,1
1,1.0,1,3.0,n3_self_living,7
1,1.0,1,3.0,n3_tech_learn,2
1,1.0,2,1.0,n3_aging_travel,17
1,1.0,2,1.0,n3_conv_transp,25
1,1.0,2,1.0,n3_eat_nutri,45
1,1.0,2,1.0,n3_health_risk,26
1,1.0,2,1.0,n3_learn_activ,13
1,1.0,2,1.0,n3_med_diagno,35
1,1.0,2,1.0,n3_safe_drive,7
1,1.0,2,1.0,n3_safe_walk,27
1,1.0,2,1.0,n3_self_living,74
1,1.0,2,1.0,n3_tech_learn,3
1,1.0,2,2.0,n3_aging_travel,218
1,1.0,2,2.0,n3_conv_transp,245
1,1.0,2,2.0,n3_eat_nutri,410
1,1.0,2,2.0,n3_health_risk,391
1,1.0,2,2.0,n3_learn_activ,193
1,1.0,2,2.0,n3_med_diagno,409
1,1.0,2,2.0,n3_safe_drive,86
1,1.0,2,2.0,n3_safe_walk,244
1,1.0,2,2.0,n3_self_living,428
1,1.0,2,2.0,n3_tech_learn,66
1,1.0,2,3.0,n3_aging_travel,4
1,1.0,2,3.0,n3_eat_nutri,4
1,1.0,2,3.0,n3_health_risk,1
1,1.0,2,3.0,n3_learn_activ,1
1,1.0,2,3.0,n3_med_diagno,5
1,1.0,2,3.0,n3_safe_walk,2
1,1.0,2,3.0,n3_self_living,2
1,1.0,2,3.0,n3_tech_learn,1
1,1.0,3,1.0,n3_aging_travel,17
1,1.0,3,1.0,n3_conv_transp,18
1,1.0,3,1.0,n3_eat_nutri,20
1,1.0,3,1.0,n3_health_risk,20
1,1.0,3,1.0,n3_learn_activ,11
1,1.0,3,1.0,n3_med_diagno,24
1,1.0,3,1.0,n3_safe_drive,8
1,1.0,3,1.0,n3_safe_walk,23
1,1.0,3,1.0,n3_self_living,25
1,1.0,3,1.0,n3_tech_learn,8
1,1.0,3,2.0,n3_aging_travel,99
1,1.0,3,2.0,n3_conv_transp,131
1,1.0,3,2.0,n3_eat_nutri,200
1,1.0,3,2.0,n3_health_risk,120
1,1.0,3,2.0,n3_learn_activ,82
1,1.0,3,2.0,n3_med_diagno,216
1,1.0,3,2.0,n3_safe_drive,38
1,1.0,3,2.0,n3_safe_walk,144
1,1.0,3,2.0,n3_self_living,191
1,1.0,3,2.0,n3_tech_learn,41
1,1.0,3,3.0,n3_aging_travel,1
1,1.0,3,3.0,n3_conv_transp,2
1,1.0,3,3.0,n3_eat_nutri,1
1,1.0,3,3.0,n3_health_risk,1
1,1.0,3,3.0,n3_learn_activ,2
1,1.0,3,3.0,n3_med_diagno,2
1,1.0,3,3.0,n3_safe_walk,3
1,1.0,3,3.0,n3_self_living,1
1,1.0,3,3.0,n3_tech_learn,1
1,2.0,1,1.0,n3_aging_travel,101
1,2.0,1,1.0,n3_conv_transp,186
1,2.0,1,1.0,n3_eat_nutri,310
1,2.0,1,1.0,n3_health_risk,188
1,2.0,1,1.0,n3_learn_activ,163
1,2.0,1,1.0,n3_med_diagno,149
1,2.0,1,1.0,n3_safe_drive,36
1,2.0,1,1.0,n3_safe_walk,106
1,2.0,1,1.0,n3_self_living,367
1,2.0,1,1.0,n3_tech_learn,36
1,2.0,1,2.0,n3_aging_travel,523
1,2.0,1,2.0,n3_conv_transp,830
1,2.0,1,2.0,n3_eat_nutri,1221
1,2.0,1,2.0,n3_health_risk,807
1,2.0,1,2.0,n3_learn_activ,605
1,2.0,1,2.0,n3_med_diagno,824
1,2.0,1,2.0,n3_safe_drive,186
1,2.0,1,2.0,n3_safe_walk,644
1,2.0,1,2.0,n3_self_living,1426
1,2.0,1,2.0,n3_tech_learn,172
1,2.0,1,3.0,n3_aging_travel,3
1,2.0,1,3.0,n3_conv_transp,6
1,2.0,1,3.0,n3_eat_nutri,14
1,2.0,1,3.0,n3_health_risk,4
1,2.0,1,3.0,n3_learn_activ,7
1,2.0,1,3.0,n3_med_diagno,7
1,2.0,1,3.0,n3_safe_walk,8
1,2.0,1,3.0,n3_self_living,13
1,2.0,1,3.0,n3_tech_learn,2
1,2.0,2,1.0,n3_aging_travel,70
1,2.0,2,1.0,n3_conv_transp,129
1,2.0,2,1.0,n3_eat_nutri,150
1,2.0,2,1.0,n3_health_risk,85
1,2.0,2,1.0,n3_learn_activ,121
1,2.0,2,1.0,n3_med_diagno,136
1,2.0,2,1.0,n3_safe_drive,11
1,2.0,2,1.0,n3_safe_walk,101
1,2.0,2,1.0,n3_self_living,249
1,2.0,2,1.0,n3_tech_learn,36
1,2.0,2,2.0,n3_aging_travel,499
1,2.0,2,2.0,n3_conv_transp,804
1,2.0,2,2.0,n3_eat_nutri,989
1,2.0,2,2.0,n3_health_risk,624
1,2.0,2,2.0,n3_learn_activ,812
1,2.0,2,2.0,n3_med_diagno,969
1,2.0,2,2.0,n3_safe_drive,75
1,2.0,2,2.0,n3_safe_walk,675
1,2.0,2,2.0,n3_self_living,1355
1,2.0,2,2.0,n3_tech_learn,162
1,2.0,2,3.0,n3_aging_travel,5
1,2.0,2,3.0,n3_conv_transp,3
1,2.0,2,3.0,n3_eat_nutri,7
1,2.0,2,3.0,n3_health_risk,3
1,2.0,2,3.0,n3_learn_activ,8
1,2.0,2,3.0,n3_med_diagno,5
1,2.0,2,3.0,n3_safe_walk,6
1,2.0,2,3.0,n3_self_living,9
1,2.0,2,3.0,n3_tech_learn,2
1,2.0,3,1.0,n3_aging_travel,34
1,2.0,3,1.0,n3_conv_transp,55
1,2.0,3,1.0,n3_eat_nutri,61
1,2.0,3,1.0,n3_health_risk,16
1,2.0,3,1.0,n3_learn_activ,43
1,2.0,3,1.0,n3_med_diagno,63
1,2.0,3,1.0,n3_safe_drive,3
1,2.0,3,1.0,n3_safe_walk,70
1,2.0,3,1.0,n3_self_living,107
1,2.0,3,1.0,n3_tech_learn,20
1,2.0,3,2.0,n3_aging_travel,157
1,2.0,3,2.0,n3_conv_transp,226
1,2.0,3,2.0,n3_eat_nutri,292
1,2.0,3,2.0,n3_health_risk,157
1,2.0,3,2.0,n3_learn_activ,191
1,2.0,3,2.0,n3_med_diagno,274
1,2.0,3,2.0,n3_safe_drive,24
1,2.0,3,2.0,n3_safe_walk,268
1,2.0,3,2.0,n3_self_living,331
1,2.0,3,2.0,n3_tech_learn,58
1,2.0,3,3.0,n3_conv_transp,2
1,2.0,3,3.0,n3_eat_nutri,3
1,2.0,3,3.0,n3_health_risk,2
1,2.0,3,3.0,n3_learn_activ,4
1,2.0,3,3.0,n3_med_diagno,3
1,2.0,3,3.0,n3_safe_walk,2
1,2.0,3,3.0,n3_self_living,2
2,1.0,1,1.0,n3_aging_travel,39
2,1.0,1,1.0,n3_conv_transp,79
2,1.0,1,1.0,n3_eat_nutri,144
2,1.0,1,1.0,n3_health_risk,115
2,1.0,1,1.0,n3_learn_activ,52
2,1.0,1,1.0,n3_med_diagno,70
2,1.0,1,1.0,n3_safe_drive,48
2,1.0,1,1.0,n3_safe_walk,34
2,1.0,1,1.0,n3_self_living,128
2,1.0,1,1.0,n3_tech_learn,27
2,1.0,1,2.0,n3_aging_travel,325
2,1.0,1,2.0,n3_conv_transp,370
2,1.0,1,2.0,n3_eat_nutri,834
2,1.0,1,2.0,n3_health_risk,726
2,1.0,1,2.0,n3_learn_activ,318
2,1.0,1,2.0,n3_med_diagno,567
2,1.0,1,2.0,n3_safe_drive,266
2,1.0,1,2.0,n3_safe_walk,320
2,1.0,1,2.0,n3_self_living,771
2,1.0,1,2.0,n3_tech_learn,147
2,1.0,1,3.0,n3_aging_travel,2
2,1.0,1,3.0,n3_conv_transp,1
2,1.0,1,3.0,n3_eat_nutri,10
2,1.0,1,3.0,n3_health_risk,5
2,1.0,1,3.0,n3_learn_activ,7
2,1.0,1,3.0,n3_med_diagno,7
2,1.0,1,3.0,n3_safe_drive,1
2,1.0,1,3.0,n3_safe_walk,7
2,1.0,1,3.0,n3_self_living,11
2,1.0,1,3.0,n3_tech_learn,1
2,1.0,2,1.0,n3_aging_travel,15
2,1.0,2,1.0,n3_conv_transp,25
2,1.0,2,1.0,n3_eat_nutri,36
2,1.0,2,1.0,n3_health_risk,34
2,1.0,2,1.0,n3_learn_activ,16
2,1.0,2,1.0,n3_med_diagno,43
2,1.0,2,1.0,n3_safe_drive,11
2,1.0,2,1.0,n3_safe_walk,18
2,1.0,2,1.0,n3_self_living,59
2,1.0,2,1.0,n3_tech_learn,5
2,1.0,2,2.0,n3_aging_travel,228
2,1.0,2,2.0,n3_conv_transp,233
2,1.0,2,2.0,n3_eat_nutri,408
2,1.0,2,2.0,n3_health_risk,343
2,1.0,2,2.0,n3_learn_activ,179
2,1.0,2,2.0,n3_med_diagno,399
2,1.0,2,2.0,n3_safe_drive,100
2,1.0,2,2.0,n3_safe_walk,193
2,1.0,2,2.0,n3_self_living,426
2,1.0,2,2.0,n3_tech_learn,85
2,1.0,2,3.0,n3_aging_travel,3
2,1.0,2,3.0,n3_conv_transp,1
2,1.0,2,3.0,n3_eat_nutri,2
2,1.0,2,3.0,n3_health_risk,2
2,1.0,2,3.0,n3_learn_activ,5
2,1.0,2,3.0,n3_med_diagno,2
2,1.0,2,3.0,n3_safe_walk,4
2,1.0,2,3.0,n3_self_living,2
2,1.0,2,3.0,n3_tech_learn,5
2,1.0,3,1.0,n3_aging_travel,6
2,1.0,3,1.0,n3_conv_transp,18
2,1.0,3,1.0,n3_eat_nutri,16
2,1.0,3,1.0,n3_health_risk,6
2,1.0,3,1.0,n3_learn_activ,11
2,1.0,3,1.0,n3_med_diagno,21
2,1.0,3,1.0,n3_safe_drive,5
2,1.0,3,1.0,n3_safe_walk,11
2,1.0,3,1.0,n3_self_living,27
2,1.0,3,1.0,n3_tech_learn,3
2,1.0,3,2.0,n3_aging_travel,74
2,1.0,3,2.0,n3_conv_transp,106
2,1.0,3,2.0,n3_eat_nutri,136
2,1.0,3,2.0,n3_health_risk,93
2,1.0,3,2.0,n3_learn_activ,56
2,1.0,3,2.0,n3_med_diagno,130
2,1.0,3,2.0,n3_safe_drive,37
2,1.0,3,2.0,n3_safe_walk,102
2,1.0,3,2.0,n3_self_living,156
2,1.0,3,2.0,n3_tech_learn,34
2,1.0,3,3.0,n3_aging_travel,1
2,1.0,3,3.0,n3_conv_transp,4
2,1.0,3,3.0,n3_eat_nutri,6
2,1.0,3,3.0,n3_health_risk,3
2,1.0,3,3.0,n3_learn_activ,3
2,1.0,3,3.0,n3_med_diagno,2
2,1.0,3,3.0,n3_safe_walk,5
2,1.0,3,3.0,n3_self_living,5
2,1.0,3,3.0,n3_tech_learn,3
2,2.0,0,2.0,n3_eat_nutri,1
2,2.0,0,2.0,n3_med_diagno,1
2,2.0,0,2.0,n3_safe_drive,1
2,2.0,0,2.0,n3_self_living,1
2,2.0,1,1.0,n3_aging_travel,92
2,2.0,1,1.0,n3_conv_transp,158
2,2.0,1,1.0,n3_eat_nutri,237
2,2.0,1,1.0,n3_health_risk,172
2,2.0,1,1.0,n3_learn_activ,148
2,2.0,1,1.0,n3_med_diagno,162
2,2.0,1,1.0,n3_safe_drive,44
2,2.0,1,1.0,n3_safe_walk,105
2,2.0,1,1.0,n3_self_living,331
2,2.0,1,1.0,n3_tech_learn,23
2,2.0,1,2.0,n3_aging_travel,684
2,2.0,1,2.0,n3_conv_transp,1183
2,2.0,1,2.0,n3_eat_nutri,1740
2,2.0,1,2.0,n3_health_risk,1290
2,2.0,1,2.0,n3_learn_activ,911
2,2.0,1,2.0,n3_med_diagno,1222
2,2.0,1,2.0,n3_safe_drive,297
2,2.0,1,2.0,n3_safe_walk,953
2,2.0,1,2.0,n3_self_living,2120
2,2.0,1,2.0,n3_tech_learn,206
2,2.0,1,3.0,n3_aging_travel,8
2,2.0,1,3.0,n3_conv_transp,6
2,2.0,1,3.0,n3_eat_nutri,13
2,2.0,1,3.0,n3_health_risk,7
2,2.0,1,3.0,n3_learn_activ,10
2,2.0,1,3.0,n3_med_diagno,8
2,2.0,1,3.0,n3_safe_drive,1
2,2.0,1,3.0,n3_safe_walk,10
2,2.0,1,3.0,n3_self_living,17
2,2.0,1,3.0,n3_tech_learn,2
2,2.0,2,1.0,n3_aging_travel,81
2,2.0,2,1.0,n3_conv_transp,119
2,2.0,2,1.0,n3_eat_nutri,109
2,2.0,2,1.0,n3_health_risk,81
2,2.0,2,1.0,n3_learn_activ,121
2,2.0,2,1.0,n3_med_diagno,132
2,2.0,2,1.0,n3_safe_drive,16
2,2.0,2,1.0,n3_safe_walk,81
2,2.0,2,1.0,n3_self_living,209
2,2.0,2,1.0,n3_tech_learn,31
2,2.0,2,2.0,n3_aging_travel,455
2,2.0,2,2.0,n3_conv_transp,727
2,2.0,2,2.0,n3_eat_nutri,846
2,2.0,2,2.0,n3_health_risk,518
2,2.0,2,2.0,n3_learn_activ,765
2,2.0,2,2.0,n3_med_diagno,909
2,2.0,2,2.0,n3_safe_drive,110
2,2.0,2,2.0,n3_safe_walk,564
2,2.0,2,2.0,n3_self_living,1175
2,2.0,2,2.0,n3_tech_learn,163
2,2.0,2,3.0,n3_aging_travel,7
2,2.0,2,3.0,n3_conv_transp,3
2,2.0,2,3.0,n3_eat_nutri,9
2,2.0,2,3.0,n3_health_risk,4
2,2.0,2,3.0,n3_learn_activ,6
2,2.0,2,3.0,n3_med_diagno,1
2,2.0,2,3.0,n3_safe_walk,8
2,2.0,2,3.0,n3_self_living,12
2,2.0,3,1.0,n3_aging_travel,25
2,2.0,3,1.0,n3_conv_transp,41
2,2.0,3,1.0,n3_eat_nutri,49
2,2.0,3,1.0,n3_health_risk,17
2,2.0,3,1.0,n3_learn_activ,42
2,2.0,3,1.0,n3_med_diagno,41
2,2.0,3,1.0,n3_safe_drive,1
2,2.0,3,1.0,n3_safe_walk,46
2,2.0,3,1.0,n3_self_living,88
2,2.0,3,1.0,n3_tech_learn,12
2,2.0,3,2.0,n3_aging_travel,111
2,2.0,3,2.0,n3_conv_transp,172
2,2.0,3,2.0,n3_eat_nutri,220
2,2.0,3,2.0,n3_health_risk,94
2,2.0,3,2.0,n3_learn_activ,127
2,2.0,3,2.0,n3_med_diagno,195
2,2.0,3,2.0,n3_safe_drive,18
2,2.0,3,2.0,n3_safe_walk,186
2,2.0,3,2.0,n3_self_living,252
2,2.0,3,2.0,n3_tech_learn,45
2,2.0,3,3.0,n3_aging_travel,4
2,2.0,3,3.0,n3_conv_transp,7
2,2.0,3,3.0,n3_eat_nutri,10
2,2.0,3,3.0,n3_health_risk,3
2,2.0,3,3.0,n3_learn_activ,5
2,2.0,3,3.0,n3_med_diagno,11
2,2.0,3,3.0,n3_safe_drive,2
2,2.0,3,3.0,n3_safe_walk,9
2,2.0,3,3.0,n3_self_living,11
3,1.0,0,1.0,n3_conv_transp,1
3,1.0,0,1.0,n3_safe_drive,1
3,1.0,1,1.0,n3_aging_travel,24
3,1.0,1,1.0,n3_conv_transp,42
3,1.0,1,1.0,n3_eat_nutri,49
3,1.0,1,1.0,n3_health_risk,43
3,1.0,1,1.0,n3_learn_activ,29
3,1.0,1,1.0,n3_med_diagno,39
3,1.0,1,1.0,n3_safe_drive,17
3,1.0,1,1.0,n3_safe_walk,21
3,1.0,1,1.0,n3_self_living,62
3,1.0,1,1.0,n3_tech_learn,14
3,1.0,1,2.0,n3_aging_travel,117
3,1.0,1,2.0,n3_conv_transp,152
3,1.0,1,2.0,n3_eat_nutri,304
3,1.0,1,2.0,n3_health_risk,278
3,1.0,1,2.0,n3_learn_activ,131
3,1.0,1,2.0,n3_med_diagno,212
3,1.0,1,2.0,n3_safe_drive,91
3,1.0,1,2.0,n3_safe_walk,119
3,1.0,1,2.0,n3_self_living,263
3,1.0,1,2.0,n3_tech_learn,51
3,1.0,1,3.0,n3_aging_travel,2
3,1.0,1,3.0,n3_conv_transp,4
3,1.0,1,3.0,n3_eat_nutri,3
3,1.0,1,3.0,n3_health_risk,4
3,1.0,1,3.0,n3_learn_activ,2
3,1.0,1,3.0,n3_med_diagno,2
3,1.0,1,3.0,n3_safe_drive,1
3,1.0,1,3.0,n3_safe_walk,2
3,1.0,1,3.0,n3_self_living,3
3,1.0,1,3.0,n3_tech_learn,1
3,1.0,2,1.0,n3_aging_travel,15
3,1.0,2,1.0,n3_conv_transp,9
3,1.0,2,1.0,n3_eat_nutri,15
3,1.0,2,1.0,n3_health_risk,19
3,1.0,2,1.0,n3_learn_activ,8
3,1.0,2,1.0,n3_med_diagno,13
3,1.0,2,1.0,n3_safe_drive,4
3,1.0,2,1.0,n3_safe_walk,6
3,1.0,2,1.0,n3_self_living,26
3,1.0,2,1.0,n3_tech_learn,3
3,1.0,2,2.0,n3_aging_travel,71
3,1.0,2,2.0,n3_conv_transp,83
3,1.0,2,2.0,n3_eat_nutri,142
3,1.0,2,2.0,n3_health_risk,124
3,1.0,2,2.0,n3_learn_activ,53
3,1.0,2,2.0,n3_med_diagno,124
3,1.0,2,2.0,n3_safe_drive,33
3,1.0,2,2.0,n3_safe_walk,79
3,1.0,2,2.0,n3_self_living,151
3,1.0,2,2.0,n3_tech_learn,24
3,1.0,2,3.0,n3_health_risk,1
3,1.0,2,3.0,n3_learn_activ,1
3,1.0,2,3.0,n3_self_living,1
3,1.0,2,3.0,n3_tech_learn,1
3,1.0,3,1.0,n3_aging_travel,1
3,1.0,3,1.0,n3_conv_transp,4
3,1.0,3,1.0,n3_eat_nutri,7
3,1.0,3,1.0,n3_health_risk,5
3,1.0,3,1.0,n3_learn_activ,3
3,1.0,3,1.0,n3_med_diagno,8
3,1.0,3,1.0,n3_safe_drive,2
3,1.0,3,1.0,n3_safe_walk,2
3,1.0,3,1.0,n3_self_living,12
3,1.0,3,2.0,n3_aging_travel,26
3,1.0,3,2.0,n3_conv_transp,26
3,1.0,3,2.0,n3_eat_nutri,41
3,1.0,3,2.0,n3_health_risk,27
3,1.0,3,2.0,n3_learn_activ,12
3,1.0,3,2.0,n3_med_diagno,50
3,1.0,3,2.0,n3_safe_drive,20
3,1.0,3,2.0,n3_safe_walk,21
3,1.0,3,2.0,n3_self_living,36
3,1.0,3,2.0,n3_tech_learn,5
3,1.0,3,3.0,n3_aging_travel,3
3,1.0,3,3.0,n3_conv_transp,2
3,1.0,3,3.0,n3_eat_nutri,8
3,1.0,3,3.0,n3_health_risk,6
3,1.0,3,3.0,n3_learn_activ,6
3,1.0,3,3.0,n3_med_diagno,5
3,1.0,3,3.0,n3_safe_walk,7
3,1.0,3,3.0,n3_self_living,2
3,1.0,3,3.0,n3_tech_learn,1
3,2.0,1,1.0,n3_aging_travel,28
3,2.0,1,1.0,n3_conv_transp,49
3,2.0,1,1.0,n3_eat_nutri,76
3,2.0,1,1.0,n3_health_risk,54
3,2.0,1,1.0,n3_learn_activ,35
3,2.0,1,1.0,n3_med_diagno,40
3,2.0,1,1.0,n3_safe_drive,26
3,2.0,1,1.0,n3_safe_walk,23
3,2.0,1,1.0,n3_self_living,84
3,2.0,1,1.0,n3_tech_learn,15
3,2.0,1,2.0,n3_aging_travel,236
3,2.0,1,2.0,n3_conv_transp,369
3,2.0,1,2.0,n3_eat_nutri,608
3,2.0,1,2.0,n3_health_risk,415
3,2.0,1,2.0,n3_learn_activ,308
3,2.0,1,2.0,n3_med_diagno,417
3,2.0,1,2.0,n3_safe_drive,176
3,2.0,1,2.0,n3_safe_walk,272
3,2.0,1,2.0,n3_self_living,647
3,2.0,1,2.0,n3_tech_learn,60
3,2.0,1,3.0,n3_aging_travel,2
3,2.0,1,3.0,n3_conv_transp,1
3,2.0,1,3.0,n3_eat_nutri,3
3,2.0,1,3.0,n3_health_risk,1
3,2.0,1,3.0,n3_learn_activ,2
3,2.0,1,3.0,n3_safe_drive,1
3,2.0,1,3.0,n3_safe_walk,2
3,2.0,1,3.0,n3_self_living,4
3,2.0,2,1.0,n3_aging_travel,19
3,2.0,2,1.0,n3_conv_transp,39
3,2.0,2,1.0,n3_eat_nutri,32
3,2.0,2,1.0,n3_health_risk,16
3,2.0,2,1.0,n3_learn_activ,27
3,2.0,2,1.0,n3_med_diagno,38
3,2.0,2,1.0,n3_safe_drive,11
3,2.0,2,1.0,n3_safe_walk,15
3,2.0,2,1.0,n3_self_living,50
3,2.0,2,1.0,n3_tech_learn,9
3,2.0,2,2.0,n3_aging_travel,166
3,2.0,2,2.0,n3_conv_transp,234
3,2.0,2,2.0,n3_eat_nutri,290
3,2.0,2,2.0,n3_health_risk,144
3,2.0,2,2.0,n3_learn_activ,224
3,2.0,2,2.0,n3_med_diagno,270
3,2.0,2,2.0,n3_safe_drive,53
3,2.0,2,2.0,n3_safe_walk,152
3,2.0,2,2.0,n3_self_living,353
3,2.0,2,2.0,n3_tech_learn,66
3,2.0,2,3.0,n3_aging_travel,1
3,2.0,2,3.0,n3_conv_transp,3
3,2.0,2,3.0,n3_eat_nutri,4
3,2.0,2,3.0,n3_health_risk,3
3,2.0,2,3.0,n3_learn_activ,1
3,2.0,2,3.0,n3_med_diagno,1
3,2.0,2,3.0,n3_safe_drive,2
3,2.0,2,3.0,n3_self_living,3
3,2.0,3,1.0,n3_aging_travel,2
3,2.0,3,1.0,n3_conv_transp,9
3,2.0,3,1.0,n3_eat_nutri,17
3,2.0,3,1.0,n3_health_risk,6
3,2.0,3,1.0,n3_learn_activ,4
3,2.0,3,1.0,n3_med_diagno,13
3,2.0,3,1.0,n3_safe_drive,2
3,2.0,3,1.0,n3_safe_walk,12
3,2.0,3,1.0,n3_self_living,20
3,2.0,3,1.0,n3_tech_learn,3
3,2.0,3,2.0,n3_aging_travel,23
3,2.0,3,2.0,n3_conv_transp,38
3,2.0,3,2.0,n3_eat_nutri,54
3,2.0,3,2.0,n3_health_risk,22
3,2.0,3,2.0,n3_learn_activ,41
3,2.0,3,2.0,n3_med_diagno,43
3,2.0,3,2.0,n3_safe_drive,15
3,2.0,3,2.0,n3_safe_walk,51
3,2.0,3,2.0,n3_self_living,58
3,2.0,3,2.0,n3_tech_learn,13
3,2.0,3,3.0,n3_conv_transp,1
3,2.0,3,3.0,n3_eat_nutri,1
3,2.0,3,3.0,n3_health_risk,3
3,2.0,3,3.0,n3_learn_activ,1
3,2.0,3,3.0,n3_med_diagno,3
3,2.0,3,3.0,n3_safe_walk,2
3,2.0,3,3.0,n3_self_living,2
3,2.0,3,3.0,n3_tech_learn,1
4,1.0,1,1.0,n3_aging_travel,14
4,1.0,1,1.0,n3_conv_transp,36
4,1.0,1,1.0,n3_eat_nutri,88
4,1.0,1,1.0,n3_health_risk,49
4,1.0,1,1.0,n3_learn_activ,33
4,1.0,1,1.0,n3_med_diagno,40
4,1.0,1,1.0,n3_safe_drive,26
4,1.0,1,1.0,n3_safe_walk,32
4,1.0,1,1.0,n3_self_living,73
4,1.0,1,1.0,n3_tech_learn,7
4,1.0,1,2.0,n3_aging_travel,122
4,1.0,1,2.0,n3_conv_transp,175
4,1.0,1,2.0,n3_eat_nutri,326
4,1.0,1,2.0,n3_health_risk,267
4,1.0,1,2.0,n3_learn_activ,130
4,1.0,1,2.0,n3_med_diagno,229
4,1.0,1,2.0,n3_safe_drive,106
4,1.0,1,2.0,n3_safe_walk,136
4,1.0,1,2.0,n3_self_living,325
4,1.0,1,2.0,n3_tech_learn,60
4,1.0,1,3.0,n3_aging_travel,2
4,1.0,1,3.0,n3_eat_nutri,4
4,1.0,1,3.0,n3_health_risk,3
4,1.0,1,3.0,n3_learn_activ,2
4,1.0,1,3.0,n3_med_diagno,1
4,1.0,1,3.0,n3_safe_walk,3
4,1.0,1,3.0,n3_self_living,4
4,1.0,1,3.0,n3_tech_learn,1
4,1.0,2,1.0,n3_aging_travel,12
4,1.0,2,1.0,n3_conv_transp,14
4,1.0,2,1.0,n3_eat_nutri,28
4,1.0,2,1.0,n3_health_risk,14
4,1.0,2,1.0,n3_learn_activ,5
4,1.0,2,1.0,n3_med_diagno,14
4,1.0,2,1.0,n3_safe_drive,9
4,1.0,2,1.0,n3_safe_walk,11
4,1.0,2,1.0,n3_self_living,27
4,1.0,2,1.0,n3_tech_learn,6
4,1.0,2,2.0,n3_aging_travel,99
4,1.0,2,2.0,n3_conv_transp,111
4,1.0,2,2.0,n3_eat_nutri,182
4,1.0,2,2.0,n3_health_risk,161
4,1.0,2,2.0,n3_learn_activ,99
4,1.0,2,2.0,n3_med_diagno,171
4,1.0,2,2.0,n3_safe_drive,53
4,1.0,2,2.0,n3_safe_walk,86
4,1.0,2,2.0,n3_self_living,176
4,1.0,2,2.0,n3_tech_learn,28
4,1.0,2,3.0,n3_conv_transp,1
4,1.0,2,3.0,n3_health_risk,1
4,1.0,2,3.0,n3_learn_activ,1
4,1.0,2,3.0,n3_med_diagno,1
4,1.0,3,1.0,n3_aging_travel,6
4,1.0,3,1.0,n3_conv_transp,8
4,1.0,3,1.0,n3_eat_nutri,15
4,1.0,3,1.0,n3_health_risk,10
4,1.0,3,1.0,n3_learn_activ,7
4,1.0,3,1.0,n3_med_diagno,10
4,1.0,3,1.0,n3_safe_drive,3
4,1.0,3,1.0,n3_safe_walk,15
4,1.0,3,1.0,n3_self_living,15
4,1.0,3,1.0,n3_tech_learn,3
4,1.0,3,2.0,n3_aging_travel,42
4,1.0,3,2.0,n3_conv_transp,37
4,1.0,3,2.0,n3_eat_nutri,75
4,1.0,3,2.0,n3_health_risk,47
4,1.0,3,2.0,n3_learn_activ,34
4,1.0,3,2.0,n3_med_diagno,68
4,1.0,3,2.0,n3_safe_drive,18
4,1.0,3,2.0,n3_safe_walk,57
4,1.0,3,2.0,n3_self_living,75
4,1.0,3,2.0,n3_tech_learn,23
4,1.0,3,3.0,n3_aging_travel,1
4,1.0,3,3.0,n3_conv_transp,2
4,1.0,3,3.0,n3_eat_nutri,1
4,1.0,3,3.0,n3_health_risk,2
4,1.0,3,3.0,n3_safe_walk,1
4,1.0,3,3.0,n3_self_living,1
4,2.0,1,1.0,n3_aging_travel,60
4,2.0,1,1.0,n3_conv_transp,99
4,2.0,1,1.0,n3_eat_nutri,197
4,2.0,1,1.0,n3_health_risk,110
4,2.0,1,1.0,n3_learn_activ,92
4,2.0,1,1.0,n3_med_diagno,74
4,2.0,1,1.0,n3_safe_drive,62
4,2.0,1,1.0,n3_safe_walk,67
4,2.0,1,1.0,n3_self_living,194
4,2.0,1,1.0,n3_tech_learn,29
4,2.0,1,2.0,n3_aging_travel,381
4,2.0,1,2.0,n3_conv_transp,532
4,2.0,1,2.0,n3_eat_nutri,970
4,2.0,1,2.0,n3_health_risk,665
4,2.0,1,2.0,n3_learn_activ,548
4,2.0,1,2.0,n3_med_diagno,576
4,2.0,1,2.0,n3_safe_drive,274
4,2.0,1,2.0,n3_safe_walk,471
4,2.0,1,2.0,n3_self_living,1070
4,2.0,1,2.0,n3_tech_learn,113
4,2.0,1,3.0,n3_aging_travel,3
4,2.0,1,3.0,n3_conv_transp,7
4,2.0,1,3.0,n3_eat_nutri,8
4,2.0,1,3.0,n3_health_risk,7
4,2.0,1,3.0,n3_learn_activ,2
4,2.0,1,3.0,n3_med_diagno,1
4,2.0,1,3.0,n3_safe_drive,2
4,2.0,1,3.0,n3_safe_walk,6
4,2.0,1,3.0,n3_self_living,10
4,2.0,2,1.0,n3_aging_travel,35
4,2.0,2,1.0,n3_conv_transp,38
4,2.0,2,1.0,n3_eat_nutri,69
4,2.0,2,1.0,n3_health_risk,31
4,2.0,2,1.0,n3_learn_activ,63
4,2.0,2,1.0,n3_med_diagno,43
4,2.0,2,1.0,n3_safe_drive,18
4,2.0,2,1.0,n3_safe_walk,37
4,2.0,2,1.0,n3_self_living,100
4,2.0,2,1.0,n3_tech_learn,20
4,2.0,2,2.0,n3_aging_travel,228
4,2.0,2,2.0,n3_conv_transp,351
4,2.0,2,2.0,n3_eat_nutri,485
4,2.0,2,2.0,n3_health_risk,314
4,2.0,2,2.0,n3_learn_activ,470
4,2.0,2,2.0,n3_med_diagno,461
4,2.0,2,2.0,n3_safe_drive,95
4,2.0,2,2.0,n3_safe_walk,283
4,2.0,2,2.0,n3_self_living,633
4,2.0,2,2.0,n3_tech_learn,92
4,2.0,2,3.0,n3_aging_travel,3
4,2.0,2,3.0,n3_conv_transp,5
4,2.0,2,3.0,n3_eat_nutri,4
4,2.0,2,3.0,n3_health_risk,3
4,2.0,2,3.0,n3_learn_activ,4
4,2.0,2,3.0,n3_med_diagno,4
4,2.0,2,3.0,n3_safe_walk,4
4,2.0,2,3.0,n3_self_living,4
4,2.0,2,3.0,n3_tech_learn,1
4,2.0,3,1.0,n3_aging_travel,16
4,2.0,3,1.0,n3_conv_transp,29
4,2.0,3,1.0,n3_eat_nutri,40
4,2.0,3,1.0,n3_health_risk,16
4,2.0,3,1.0,n3_learn_activ,34
4,2.0,3,1.0,n3_med_diagno,35
4,2.0,3,1.0,n3_safe_drive,4
4,2.0,3,1.0,n3_safe_walk,34
4,2.0,3,1.0,n3_self_living,49
4,2.0,3,1.0,n3_tech_learn,9
4,2.0,3,2.0,n3_aging_travel,65
4,2.0,3,2.0,n3_conv_transp,99
4,2.0,3,2.0,n3_eat_nutri,120
4,2.0,3,2.0,n3_health_risk,70
4,2.0,3,2.0,n3_learn_activ,100
4,2.0,3,2.0,n3_med_diagno,114
4,2.0,3,2.0,n3_safe_drive,29
4,2.0,3,2.0,n3_safe_walk,110
4,2.0,3,2.0,n3_self_living,157
4,2.0,3,2.0,n3_tech_learn,24
4,2.0,3,3.0,n3_conv_transp,2
4,2.0,3,3.0,n3_eat_nutri,2
4,2.0,3,3.0,n3_learn_activ,2
4,2.0,3,3.0,n3_med_diagno,1
4,2.0,3,3.0,n3_safe_walk,1
5,1.0,1,1.0,n3_aging_travel,9
5,1.0,1,1.0,n3_conv_transp,14
5,1.0,1,1.0,n3_eat_nutri,31
5,1.0,1,1.0,n3_health_risk,23
5,1.0,1,1.0,n3_learn_activ,16
5,1.0,1,1.0,n3_med_diagno,11
5,1.0,1,1.0,n3_safe_drive,10
5,1.0,1,1.0,n3_safe_walk,6
5,1.0,1,1.0,n3_self_living,25
5,1.0,1,1.0,n3_tech_learn,5
5,1.0,1,2.0,n3_aging_travel,52
5,1.0,1,2.0,n3_conv_transp,79
5,1.0,1,2.0,n3_eat_nutri,167
5,1.0,1,2.0,n3_health_risk,135
5,1.0,1,2.0,n3_learn_activ,64
5,1.0,1,2.0,n3_med_diagno,110
5,1.0,1,2.0,n3_safe_drive,61
5,1.0,1,2.0,n3_safe_walk,68
5,1.0,1,2.0,n3_self_living,151
5,1.0,1,2.0,n3_tech_learn,21
5,1.0,1,3.0,n3_health_risk,1
5,1.0,1,3.0,n3_learn_activ,1
5,1.0,1,3.0,n3_self_living,2
5,1.0,2,1.0,n3_aging_travel,8
5,1.0,2,1.0,n3_conv_transp,8
5,1.0,2,1.0,n3_eat_nutri,12
5,1.0,2,1.0,n3_health_risk,7
5,1.0,2,1.0,n3_learn_activ,2
5,1.0,2,1.0,n3_med_diagno,13
5,1.0,2,1.0,n3_safe_walk,3
5,1.0,2,1.0,n3_self_living,14
5,1.0,2,1.0,n3_tech_learn,1
5,1.0,2,2.0,n3_aging_travel,47
5,1.0,2,2.0,n3_conv_transp,49
5,1.0,2,2.0,n3_eat_nutri,95
5,1.0,2,2.0,n3_health_risk,87
5,1.0,2,2.0,n3_learn_activ,41
5,1.0,2,2.0,n3_med_diagno,80
5,1.0,2,2.0,n3_safe_drive,39
5,1.0,2,2.0,n3_safe_walk,44
5,1.0,2,2.0,n3_self_living,94
5,1.0,2,2.0,n3_tech_learn,18
5,1.0,2,3.0,n3_aging_travel,1
5,1.0,2,3.0,n3_eat_nutri,2
5,1.0,2,3.0,n3_learn_activ,1
5,1.0,2,3.0,n3_self_living,1
5,1.0,2,3.0,n3_tech_learn,1
5,1.0,3,1.0,n3_aging_travel,1
5,1.0,3,1.0,n3_conv_transp,3
5,1.0,3,1.0,n3_eat_nutri,5
5,1.0,3,1.0,n3_health_risk,4
5,1.0,3,1.0,n3_learn_activ,1
5,1.0,3,1.0,n3_med_diagno,8
5,1.0,3,1.0,n3_safe_drive,1
5,1.0,3,1.0,n3_safe_walk,4
5,1.0,3,1.0,n3_self_living,7
5,1.0,3,2.0,n3_aging_travel,15
5,1.0,3,2.0,n3_conv_transp,11
5,1.0,3,2.0,n3_eat_nutri,35
5,1.0,3,2.0,n3_health_risk,21
5,1.0,3,2.0,n3_learn_activ,15
5,1.0,3,2.0,n3_med_diagno,25
5,1.0,3,2.0,n3_safe_drive,7
5,1.0,3,2.0,n3_safe_walk,22
5,1.0,3,2.0,n3_self_living,29
5,1.0,3,2.0,n3_tech_learn,6
5,1.0,3,3.0,n3_eat_nutri,1
5,1.0,3,3.0,n3_self_living,1
5,2.0,1,1.0,n3_aging_travel,23
5,2.0,1,1.0,n3_conv_transp,48
5,2.0,1,1.0,n3_eat_nutri,80
5,2.0,1,1.0,n3_health_risk,39
5,2.0,1,1.0,n3_learn_activ,31
5,2.0,1,1.0,n3_med_diagno,46
5,2.0,1,1.0,n3_safe_drive,20
5,2.0,1,1.0,n3_safe_walk,32
5,2.0,1,1.0,n3_self_living,85
5,2.0,1,1.0,n3_tech_learn,10
5,2.0,1,2.0,n3_aging_travel,164
5,2.0,1,2.0,n3_conv_transp,224
5,2.0,1,2.0,n3_eat_nutri,430
5,2.0,1,2.0,n3_health_risk,285
5,2.0,1,2.0,n3_learn_activ,232
5,2.0,1,2.0,n3_med_diagno,244
5,2.0,1,2.0,n3_safe_drive,132
5,2.0,1,2.0,n3_safe_walk,218
5,2.0,1,2.0,n3_self_living,453
5,2.0,1,2.0,n3_tech_learn,52
5,2.0,1,3.0,n3_aging_travel,2
5,2.0,1,3.0,n3_conv_transp,3
5,2.0,1,3.0,n3_eat_nutri,4
5,2.0,1,3.0,n3_health_risk,3
5,2.0,1,3.0,n3_learn_activ,3
5,2.0,1,3.0,n3_med_diagno,2
5,2.0,1,3.0,n3_safe_drive,1
5,2.0,1,3.0,n3_self_living,3
5,2.0,1,3.0,n3_tech_learn,1
5,2.0,2,1.0,n3_aging_travel,16
5,2.0,2,1.0,n3_conv_transp,21
5,2.0,2,1.0,n3_eat_nutri,20
5,2.0,2,1.0,n3_health_risk,22
5,2.0,2,1.0,n3_learn_activ,24
5,2.0,2,1.0,n3_med_diagno,20
5,2.0,2,1.0,n3_safe_drive,5
5,2.0,2,1.0,n3_safe_walk,19
5,2.0,2,1.0,n3_self_living,58
5,2.0,2,1.0,n3_tech_learn,5
5,2.0,2,2.0,n3_aging_travel,107
5,2.0,2,2.0,n3_conv_transp,127
5,2.0,2,2.0,n3_eat_nutri,236
5,2.0,2,2.0,n3_health_risk,140
5,2.0,2,2.0,n3_learn_activ,193
5,2.0,2,2.0,n3_med_diagno,208
5,2.0,2,2.0,n3_safe_drive,54
5,2.0,2,2.0,n3_safe_walk,155
5,2.0,2,2.0,n3_self_living,333
5,2.0,2,2.0,n3_tech_learn,51
5,2.0,2,3.0,n3_aging_travel,2
5,2.0,2,3.0,n3_conv_transp,1
5,2.0,2,3.0,n3_eat_nutri,3
5,2.0,2,3.0,n3_learn_activ,4
5,2.0,2,3.0,n3_med_diagno,3
5,2.0,2,3.0,n3_safe_walk,4
5,2.0,2,3.0,n3_self_living,1
5,2.0,3,1.0,n3_aging_travel,2
5,2.0,3,1.0,n3_conv_transp,9
5,2.0,3,1.0,n3_eat_nutri,8
5,2.0,3,1.0,n3_health_risk,3
5,2.0,3,1.0,n3_learn_activ,5
5,2.0,3,1.0,n3_med_diagno,8
5,2.0,3,1.0,n3_safe_drive,1
5,2.0,3,1.0,n3_safe_walk,9
5,2.0,3,1.0,n3_self_living,13
5,2.0,3,1.0,n3_tech_learn,2
5,2.0,3,2.0,n3_aging_travel,29
5,2.0,3,2.0,n3_conv_transp,23
5,2.0,3,2.0,n3_eat_nutri,48
5,2.0,3,2.0,n3_health_risk,27
5,2.0,3,2.0,n3_learn_activ,22
5,2.0,3,2.0,n3_med_diagno,37
5,2.0,3,2.0,n3_safe_drive,11
5,2.0,3,2.0,n3_safe_walk,35
5,2.0,3,2.0,n3_self_living,48
5,2.0,3,2.0,n3_tech_learn,8
5,2.0,3,3.0,n3_safe_walk,2
5,2.0,3,3.0,n3_self_living,2
6,1.0,1,1.0,n3_aging_travel,19
6,1.0,1,1.0,n3_conv_transp,29
6,1.0,1,1.0,n3_eat_nutri,67
6,1.0,1,1.0,n3_health_risk,45
6,1.0,1,1.0,n3_learn_activ,22
6,1.0,1,1.0,n3_med_diagno,29
6,1.0,1,1.0,n3_safe_drive,13
6,1.0,1,1.0,n3_safe_walk,12
6,1.0,1,1.0,n3_self_living,56
6,1.0,1,1.0,n3_tech_learn,12
6,1.0,1,2.0,n3_aging_travel,111
6,1.0,1,2.0,n3_conv_transp,165
6,1.0,1,2.0,n3_eat_nutri,302
6,1.0,1,2.0,n3_health_risk,289
6,1.0,1,2.0,n3_learn_activ,126
6,1.0,1,2.0,n3_med_diagno,210
6,1.0,1,2.0,n3_safe_drive,105
6,1.0,1,2.0,n3_safe_walk,114
6,1.0,1,2.0,n3_self_living,287
6,1.0,1,2.0,n3_tech_learn,57
6,1.0,1,3.0,n3_eat_nutri,4
6,1.0,1,3.0,n3_health_risk,1
6,1.0,1,3.0,n3_learn_activ,2
6,1.0,1,3.0,n3_med_diagno,1
6,1.0,1,3.0,n3_safe_drive,1
6,1.0,1,3.0,n3_self_living,1
6,1.0,1,3.0,n3_tech_learn,2
6,1.0,2,1.0,n3_aging_travel,12
6,1.0,2,1.0,n3_conv_transp,10
6,1.0,2,1.0,n3_eat_nutri,36
6,1.0,2,1.0,n3_health_risk,17
6,1.0,2,1.0,n3_learn_activ,15
6,1.0,2,1.0,n3_med_diagno,30
6,1.0,2,1.0,n3_safe_drive,10
6,1.0,2,1.0,n3_safe_walk,13
6,1.0,2,1.0,n3_self_living,37
6,1.0,2,1.0,n3_tech_learn,2
6,1.0,2,2.0,n3_aging_travel,119
6,1.0,2,2.0,n3_conv_transp,127
6,1.0,2,2.0,n3_eat_nutri,205
6,1.0,2,2.0,n3_health_risk,199
6,1.0,2,2.0,n3_learn_activ,122
6,1.0,2,2.0,n3_med_diagno,181
6,1.0,2,2.0,n3_safe_drive,51
6,1.0,2,2.0,n3_safe_walk,102
6,1.0,2,2.0,n3_self_living,188
6,1.0,2,2.0,n3_tech_learn,38
6,1.0,2,3.0,n3_aging_travel,3
6,1.0,2,3.0,n3_conv_transp,3
6,1.0,2,3.0,n3_eat_nutri,3
6,1.0,2,3.0,n3_health_risk,2
6,1.0,2,3.0,n3_med_diagno,2
6,1.0,2,3.0,n3_safe_drive,1
6,1.0,2,3.0,n3_safe_walk,1
6,1.0,2,3.0,n3_self_living,1
6,1.0,3,1.0,n3_aging_travel,5
6,1.0,3,1.0,n3_conv_transp,8
6,1.0,3,1.0,n3_eat_nutri,16
6,1.0,3,1.0,n3_health_risk,5
6,1.0,3,1.0,n3_learn_activ,9
6,1.0,3,1.0,n3_med_diagno,9
6,1.0,3,1.0,n3_safe_drive,6
6,1.0,3,1.0,n3_safe_walk,10
6,1.0,3,1.0,n3_self_living,17
6,1.0,3,1.0,n3_tech_learn,5
6,1.0,3,2.0,n3_aging_travel,61
6,1.0,3,2.0,n3_conv_transp,65
6,1.0,3,2.0,n3_eat_nutri,95
6,1.0,3,2.0,n3_health_risk,63
6,1.0,3,2.0,n3_learn_activ,73
6,1.0,3,2.0,n3_med_diagno,94
6,1.0,3,2.0,n3_safe_drive,46
6,1.0,3,2.0,n3_safe_walk,73
6,1.0,3,2.0,n3_self_living,98
6,1.0,3,2.0,n3_tech_learn,38
6,1.0,3,3.0,n3_conv_transp,1
6,1.0,3,3.0,n3_eat_nutri,3
6,1.0,3,3.0,n3_health_risk,1
6,1.0,3,3.0,n3_med_diagno,1
6,1.0,3,3.0,n3_self_living,2
6,2.0,1,1.0,n3_aging_travel,43
6,2.0,1,1.0,n3_conv_transp,74
6,2.0,1,1.0,n3_eat_nutri,130
6,2.0,1,1.0,n3_health_risk,73
6,2.0,1,1.0,n3_learn_activ,67
6,2.0,1,1.0,n3_med_diagno,68
6,2.0,1,1.0,n3_safe_drive,35
6,2.0,1,1.0,n3_safe_walk,57
6,2.0,1,1.0,n3_self_living,162
6,2.0,1,1.0,n3_tech_learn,15
6,2.0,1,2.0,n3_aging_travel,342
6,2.0,1,2.0,n3_conv_transp,478
6,2.0,1,2.0,n3_eat_nutri,885
6,2.0,1,2.0,n3_health_risk,589
6,2.0,1,2.0,n3_learn_activ,477
6,2.0,1,2.0,n3_med_diagno,580
6,2.0,1,2.0,n3_safe_drive,273
6,2.0,1,2.0,n3_safe_walk,433
6,2.0,1,2.0,n3_self_living,1057
6,2.0,1,2.0,n3_tech_learn,104
6,2.0,1,3.0,n3_aging_travel,1
6,2.0,1,3.0,n3_conv_transp,8
6,2.0,1,3.0,n3_eat_nutri,7
6,2.0,1,3.0,n3_health_risk,6
6,2.0,1,3.0,n3_learn_activ,5
6,2.0,1,3.0,n3_med_diagno,4
6,2.0,1,3.0,n3_safe_walk,1
6,2.0,1,3.0,n3_self_living,5
6,2.0,1,3.0,n3_tech_learn,1
6,2.0,2,1.0,n3_aging_travel,33
6,2.0,2,1.0,n3_conv_transp,64
6,2.0,2,1.0,n3_eat_nutri,82
6,2.0,2,1.0,n3_health_risk,47
6,2.0,2,1.0,n3_learn_activ,106
6,2.0,2,1.0,n3_med_diagno,72
6,2.0,2,1.0,n3_safe_drive,19
6,2.0,2,1.0,n3_safe_walk,52
6,2.0,2,1.0,n3_self_living,128
6,2.0,2,1.0,n3_tech_learn,25
6,2.0,2,2.0,n3_aging_travel,237
6,2.0,2,2.0,n3_conv_transp,396
6,2.0,2,2.0,n3_eat_nutri,610
6,2.0,2,2.0,n3_health_risk,335
6,2.0,2,2.0,n3_learn_activ,559
6,2.0,2,2.0,n3_med_diagno,481
6,2.0,2,2.0,n3_safe_drive,122
6,2.0,2,2.0,n3_safe_walk,340
6,2.0,2,2.0,n3_self_living,720
6,2.0,2,2.0,n3_tech_learn,112
6,2.0,2,3.0,n3_aging_travel,3
6,2.0,2,3.0,n3_conv_transp,4
6,2.0,2,3.0,n3_eat_nutri,7
6,2.0,2,3.0,n3_health_risk,4
6,2.0,2,3.0,n3_learn_activ,8
6,2.0,2,3.0,n3_med_diagno,3
6,2.0,2,3.0,n3_safe_walk,6
6,2.0,2,3.0,n3_self_living,5
6,2.0,2,3.0,n3_tech_learn,2
6,2.0,3,1.0,n3_aging_travel,26
6,2.0,3,1.0,n3_conv_transp,34
6,2.0,3,1.0,n3_eat_nutri,43
6,2.0,3,1.0,n3_health_risk,28
6,2.0,3,1.0,n3_learn_activ,39
6,2.0,3,1.0,n3_med_diagno,39
6,2.0,3,1.0,n3_safe_drive,11
6,2.0,3,1.0,n3_safe_walk,26
6,2.0,3,1.0,n3_self_living,70
6,2.0,3,1.0,n3_tech_learn,18
6,2.0,3,2.0,n3_aging_travel,83
6,2.0,3,2.0,n3_conv_transp,95
6,2.0,3,2.0,n3_eat_nutri,166
6,2.0,3,2.0,n3_health_risk,70
6,2.0,3,2.0,n3_learn_activ,84
6,2.0,3,2.0,n3_med_diagno,106
6,2.0,3,2.0,n3_safe_drive,43
6,2.0,3,2.0,n3_safe_walk,109
6,2.0,3,2.0,n3_self_living,174
6,2.0,3,2.0,n3_tech_learn,36
6,2.0,3,3.0,n3_aging_travel,1
6,2.0,3,3.0,n3_eat_nutri,1
6,2.0,3,3.0,n3_health_risk,1
6,2.0,3,3.0,n3_med_diagno,1
6,2.0,3,3.0,n3_safe_walk,3
6,2.0,3,3.0,n3_self_living,3
